Dis No,Year,Seq,Glide,Disaster Group,Disaster Subgroup,Disaster Type,Disaster Subtype,Disaster Subsubtype,Event Name,Country,ISO,Region,Continent,Location,Origin,Associated Dis,Associated Dis2,OFDA Response,Appeal,Declaration,Aid Contribution,Dis Mag Value,Dis Mag Scale,Latitude,Longitude,Local Time,River Basin,Start Year,Start Month,Start Day,End Year,End Month,End Day,Total Deaths,No Injured,No Affected,No Homeless,Total Affected,Reconstruction Costs ('000 US$),"Reconstruction Costs, Adjusted ('000 US$)",Insured Damages ('000 US$),"Insured Damages, Adjusted ('000 US$)",Total Damages ('000 US$),"Total Damages, Adjusted ('000 US$)",CPI,Adm Level,Admin1 Code,Admin2 Code,Geo Locations
2005-0409-IND,2005,409,,Natural,Hydrological,Flood,Riverine flood,,,India,IND,Southern Asia,Asia,"Gujarat, Madhya Pradesh, Maharashtra, Goa, Orissa, Karnataka, Himachal Pradesh, Jammu and Kashmir provinces",Monsoon rain,"Slide (land, mud, snow, rock)",Broken Dam/Burst bank,Yes,,,12.0,35550.0,Km2,,,,"Ghawanda, Koyna, Kal, Savitira, Karad, Pawana, Mithi, Mitha and Mula",2005,7.0,24.0,2005,8.0,5.0,1200.0,55.0,20000000.0,,20000055.0,,,844000.0,1118515.0,3330000.0,4413098.0,75.45719958,1,1490;1491;1493;1494;1498;1504;40408;40409;40422;40423;40424;40425;40426;40427;40428;40429;40430;40431;70079,,"Goa, Gujarat, Himachal Pradesh, Jammu and Kashmir (Administrative unit not available), Karnataka, Madhya Pradesh, Maharashtra, Orissa (Adm1)."
2005-0504-IND,2005,504,,Natural,Hydrological,Flood,Riverine flood,,,India,IND,Southern Asia,Asia,"Karnataka, Andhra Pradesh provinces",Monsoonal rain,Broken Dam/Burst bank,,,,,,619200.0,Km2,,,,Krishna and Godavari and tributaries,2005,7.0,23.0,2005,8.0,16.0,126.0,,100000.0,,100000.0,,,,,,,75.45719958,1,1485;1494,,"Andhra Pradesh, Karnataka (Adm1)."
2005-0603-IND,2005,603,,Natural,Hydrological,Flood,Riverine flood,,,India,IND,Southern Asia,Asia,"Surat, Vadodara, Bhavnagar, Panch Mahals, Narmada districts (Gujarat province)",Heavy rains,Broken Dam/Burst bank,,,,,,53200.0,Km2,,,,"Vishwamitri, Tapi",2005,9.0,22.0,2005,10.0,11.0,15.0,,,,,,,,,,,75.45719958,2,,17639;17649;17652;70126;70128,"Bhavnagar, Narmada, Panch Mahals, Surat, Vadodara (Adm2)."
2005-0335-IND,2005,335,,Natural,Hydrological,Flood,Riverine flood,,,India,IND,Southern Asia,Asia,"Surat, Valsad, Navsari, Bharuch, Vadodara, Surendranagar, The Dangs, Ahmedabad, Anand, Kheda, Amreli, Bhavnagar, Junagadh, Rajkot, Narmada, Jamnagar, Gandhinagar, Sabarkantha districts (Gujarat province)",Heavy rains,,,,,,,,Km2,,,,"Vishwamitry, Purnea, Auranga, Wanki, Ambika, Kaveri, Kharera",2005,6.0,28.0,2005,7.0,15.0,239.0,,405000.0,,405000.0,,,156000.0,206740.0,2300000.0,3048086.0,75.45719958,2,,17635;17636;17638;17639;17640;17641;17642;17644;17647;17648;17649;17650;17651;17652;17653;70124;70126;70127,"Ahmadabad, Amreli, Anand, Bharuch, Bhavnagar, Gandhinagar, Jamnagar, Junagadh, Kheda, Narmada, Navsari, Rajkot, Sabar Kantha, Surat, Surendranagar, The Dangs, Vadodara, Valsad (Adm2)."
2005-0627-IND,2005,627,,Natural,Hydrological,Flood,Riverine flood,,,India,IND,Southern Asia,Asia,"Salem, Namakkal, Karur, Erode, Tiruchchirappalli, Vellore, Perambalur, Nagapattinam, Kanniyakumari, Dharmapuri, Madurai, Villupuram, Chennai, Cuddalore districts (Tamil Nadu province), Karaikal district (Puducherry province), Bangalore Rural, Bangalore Urban, Mysore districts (Karnataka province), Nellore, Chittoor, Vishakhapatnam, Srikakulam, Vizianagaram, Cuddapah districts (Andhra Pradesh province), West Bengal, Orissa provinces",Monsoonal rain,,,,,,,131300.0,Km2,,,,"Cauvery, Coleroon, Palar, Pennar, Papaghni, Nagavali, Vamsadhara, Bhavani",2005,10.0,23.0,2005,11.0,13.0,162.0,,2000000.0,,2000000.0,,,,,,,75.45719958,1;2,1504;1511,17549;17550;17561;17565;17566;17567;17692;17868;17870;17875;17879;17883;70158;70159;70226;70242;70243;70245;70246;70247;70248;70249;70254;70255,"Orissa, West Bengal (Adm1). Bangalore Rural, Bangalore Urban, Chennai, Chittoor, Cuddalore, Cuddapah, Dharmapuri, Erode, Kanniyakumari, Karaikal, Karur, Madurai, Mysore, Nagapattinam, Namakkal, Nellore, Perambalur, Salem, Srikakulam, Tiruchchirappalli, Vellore, Villupuram, Vishakhapatnam, Vizianagaram (Adm2)."
2005-0746-IND,2005,746,,Natural,Hydrological,Flood,Riverine flood,,,India,IND,Southern Asia,Asia,"Himachal Pradesh, Punjab, Jammu and Kashmir, Haryana provinces",Mosnoon rain,,,,,,,,Km2,,,,"Chenab, Ravi, Beas, Pabbar, Tawi, Ujh",2005,7.0,5.0,2005,8.0,14.0,10.0,,2000.0,,2000.0,,,,,,,75.45719958,1,1492;1493;1505;40422;40423;40424;40425;40426;40427;40428;40429;40430;40431,,"Haryana, Himachal Pradesh, Jammu and Kashmir (Administrative unit not available), Punjab (Adm1)."
2005-0701-IND,2005,701,,Natural,Meteorological,Extreme temperature,Severe winter conditions,,,India,IND,Southern Asia,Asia,"Uttar Pradesh, Punjab, Haryana, Himachal Pradesh, Delhi, Bihar, Rajasthan, Jammu and Kashmir provinces",,,,,,,,2.0,°C,,,,,2005,12.0,,2006,1.0,,180.0,,,,,,,,,,,75.45719958,1,1489;1492;1493;1505;1506;40408;40409;40422;40423;40424;40425;40426;40427;40428;40429;40430;40431;70073;70081,,"Bihar, Delhi, Haryana, Himachal Pradesh, Jammu and Kashmir (Administrative unit not available), Punjab, Rajasthan, Uttar Pradesh (Adm1)."
2005-0268-IND,2005,268,,Natural,Biological,Epidemic,Bacterial disease,,Meningococcal disease,India,IND,Southern Asia,Asia,"Delhi, Haryana, Chandigarh, Uttar Pradesh, Uttaranchal",,,,,No,No,,12000.0,Vaccinated,,,,,2005,5.0,18.0,2005,6.0,21.0,48.0,,405.0,,405.0,,,,,,,75.45719958,,,,
2005-0479-IND,2005,479,,Natural,Biological,Epidemic,Viral disease,,Japanese encephalitis,India,IND,Southern Asia,Asia,"Uttar Pradesh, Bihar",,,,,No,No,,300000.0,Vaccinated,,,,,2005,7.0,29.0,2005,9.0,13.0,296.0,,939.0,,939.0,,,,,,,75.45719958,,,,
2005-0631-IND,2005,631,,Natural,Biological,Epidemic,Viral disease,,Japanese encephalitis,India,IND,Southern Asia,Asia,Uttar Pradesh and Bihar states,,,,,No,No,,,Vaccinated,,,,,2005,7.0,1.0,2005,11.0,10.0,296.0,,1145.0,,1145.0,,,,,,,75.45719958,,,,
2005-0754-IND,2005,754,,Natural,Biological,Epidemic,Viral disease,,Chikungunya virus disease,India,IND,Southern Asia,Asia,"Andhra Prasdesh, Maharashtra, Karnataka states",,,,,No,No,,,Vaccinated,,,,,2005,12.0,,2006,4.0,,,,153324.0,,153324.0,,,,,,,75.45719958,,,,
2006-0548-IND,2006,548,,Natural,Hydrological,Flood,Flash flood,,,India,IND,Southern Asia,Asia,Jammu and Kashmir provinces,Monsoonal rai,"Slide (land, mud, snow, rock)",,,,,,,Km2,32.89,73.88,,"Jhelum, Sutlej, Lidder, Chenab, Tavi, Tawi, Munnawar Tawi",2006,8.0,31.0,2006,9.0,11.0,19.0,,15000.0,,15000.0,,,,,,,77.89139999,1,40422;40423;40424;40425;40426;40427;40428;40429;40430;40431,,Jammu and Kashmir (Administrative unit not available) (Adm1).
2006-0417-IND,2006,417,,Natural,Hydrological,Flood,Riverine flood,,,India,IND,Southern Asia,Asia,"Andhra Pradesh, Gujarat, Maharashtra, Chhattisgarh, Rajasthan, Madhya Pradesh, Orissa, Karnataka provinces",Monsoonal rain,"Slide (land, mud, snow, rock)",,,,,4474.0,165400.0,Km2,20.19,73.82,,"Narmada, Pooma, Puma, Ambika",2006,7.0,28.0,2006,9.0,12.0,350.0,65.0,,4000000.0,4000065.0,,,407000.0,522522.0,3390000.0,4352213.0,77.89139999,1,1485;1491;1494;1498;1504;1506;70075;70079,,"Andhra Pradesh, Chhattisgarh, Gujarat, Karnataka, Madhya Pradesh, Maharashtra, Orissa, Rajasthan (Adm1)."
2006-0510-IND,2006,510,,Natural,Meteorological,Storm,Tropical cyclone,,,India,IND,Southern Asia,Asia,"Andhra Pradesh, West Bengal, Bihar provinces",Monsoonal rain,Flood,,,,,,,Kph,19.73,83.75,,,2006,9.0,18.0,2006,10.0,5.0,114.0,300.0,,150000.0,150300.0,,,,,,,77.89139999,1,1485;1511;70073,,"Andhra Pradesh, Bihar, West Bengal (Adm1)."
2006-0262-IND,2006,262,,Natural,Hydrological,Flood,Riverine flood,,,India,IND,Southern Asia,Asia,"Assam, Tripura provinces",Monsoonal rain,,,,,,,47020.0,Km2,26.6,94.02,,Brahmaputra and tributaries,2006,5.0,31.0,2006,7.0,24.0,21.0,,504000.0,,504000.0,,,,,,,77.89139999,1,1487;1509,,"Assam, Tripura (Adm1)."
2006-0263-IND,2006,263,,Natural,Hydrological,Flood,Riverine flood,,,India,IND,Southern Asia,Asia,Kerala province,Monsoonal rain,,,,,,,42690.0,Km2,10.54,76.05,,,2006,5.0,25.0,2006,6.0,2.0,32.0,,10800.0,,10800.0,,,,,,,77.89139999,1,1495,,Kerala (Adm1).
2006-0265-IND,2006,265,,Natural,Hydrological,Flood,Riverine flood,,,India,IND,Southern Asia,Asia,"Maharashtra, Gujarat provinces",Monsoonal rain,,,,,,,395400.0,Km2,18.73,75.23,,,2006,5.0,31.0,2006,6.0,4.0,41.0,,,,,,,,,,,77.89139999,1,1491;1498,,"Gujarat, Maharashtra (Adm1)."
2006-0389-IND,2006,389,,Natural,Hydrological,Flood,Riverine flood,,,India,IND,Southern Asia,Asia,Jammu and Kashmir provinces,Monsoonal rain,,,,,,,,Km2,34.61,73.2,,"Jelum, Chenab",2006,7.0,24.0,2006,8.0,22.0,15.0,,800.0,,800.0,,,,,,,77.89139999,1,40422;40423;40424;40425;40426;40427;40428;40429;40430;40431,,Jammu and Kashmir (Administrative unit not available) (Adm1).
2006-0469-IND,2006,469,,Natural,Hydrological,Flood,Riverine flood,,,India,IND,Southern Asia,Asia,"Barmer, Jaisalmer, Kota, Udaipur districts (Rajasthan province)",Monsoonal rain,,,,,,,,Km2,,,,,2006,8.0,18.0,2006,9.0,2.0,135.0,,20000.0,,20000.0,,,,,,,77.89139999,2,,17837;17848;17853;17860,"Barmer, Jaisalmer, Kota, Udaipur (Adm2)."
2006-0549-IND,2006,549,,Natural,Hydrological,Flood,Riverine flood,,,India,IND,Southern Asia,Asia,"Balrampur, Bahraich, Lakhimpur Kheri, Shravasti, Gonda, Bara Banki districts (Uttar Pradesh province)",Monsoonal rain,,,,,,,32700.0,Km2,27.59,81.52,,"Rapti, Ghaghra, SAryu",2006,8.0,29.0,2006,9.0,4.0,42.0,,100000.0,,100000.0,,,,,,,77.89139999,2,,17893;17896;17913;17921;70261;70277,"Bahraich, Balrampur, Bara Banki, Gonda, Lakhimpur Kheri, Shravasti (Adm2)."
2006-0601-IND,2006,601,,Natural,Hydrological,Flood,Riverine flood,,,India,IND,Southern Asia,Asia,"Tamil Nadu, Andhra Pradesh provinces",Monsoonal rain and Cyclonic storm Ogni,,,,,,,40090.0,Km2,14.13,79.93,,"Godavari, Krishna deltas",2006,10.0,26.0,2006,11.0,4.0,47.0,,225000.0,,225000.0,,,,,,,77.89139999,1,1485;1508,,"Andhra Pradesh, Tamil Nadu (Adm1)."
2006-0712-IND,2006,712,,Natural,Hydrological,Flood,Riverine flood,,,India,IND,Southern Asia,Asia,"Orissa, Andhra Pradesh, Chhattisgarh provinces",Monsoonal rain,,,,,,,302800.0,Km2,18.1,81.53,,,2006,8.0,1.0,2006,9.0,10.0,185.0,,2000000.0,,2000000.0,,,,,,,77.89139999,1,1485;1504;70075,,"Andhra Pradesh, Chhattisgarh, Orissa (Adm1)."
2007-0250-IND,2007,250,,Natural,Hydrological,Flood,Flash flood,,,India,IND,Southern Asia,Asia,"Kurnool, Mahbubnagar, Guntur, Prakasam, East Godavari, West Godavari, Anantapur, Cuddapah districts (Andhra Pradesh province), Thrissur district (Kerala province), Belgaum, Bijapur, Bagalkot, Kodagu, Hassan, Mysore districts (Karnataka province), Mumbai City, Pune districts (Maharashtra province)",Monsoonal rain and tropical cyclone,"Slide (land, mud, snow, rock)",,,,,,449300.0,Km2,14.94,78.16,,"Krishna, Godavari and tributaries",2007,6.0,22.0,2007,7.0,4.0,127.0,,200000.0,,200000.0,,,,,,,80.11339326,2,,17548;17550;17551;17552;17557;17558;17563;17569;17679;17682;17688;17689;17692;17708;17776;70157;70184,"Anantapur, Bagalkot, Belgaum, Bijapur, Cuddapah, East Godavari, Guntur, Hassan, Kodagu, Kurnool, Mahbubnagar, Mumbai city, Mysore, Prakasam, Pune, Thrissur, West Godavari (Adm2)."
2007-0467-IND,2007,467,,Natural,Hydrological,Flood,Coastal flood,,,India,IND,Southern Asia,Asia,"Baleshwar, Kendrapara, Bhadrak, Jagatsinghpur, Jajpur, Mayurbhanj, Khordha, Cuttack, Puri, Kandhamal districts (Orissa province), Kolkata, South 24 Parganas, East Midnapore, West Midnapore, Hughli districts (West Bengal province)",Tropical depression in Bay of Bengal,,,,,,,72010.0,Km2,20.91,86.4,,"Brahmani, Baitarani, Burhabalang, Budhabalanga, Suvarnarekha, Kalo, Sunei, Jalaka, Kansabansha (Orissa), Hugli, Kangsabati, Keleghai, Silabati, Subarnarekha, Dulung, Bhagirathihad, Bhagirathiis, Bhagirati (West Be,gal",2007,9.0,22.0,2007,10.0,3.0,80.0,,7200000.0,,7200000.0,,,,,275000.0,343263.0,80.11339326,2,,17809;17816;17818;17950;70207;70209;70214;70215;70217;70218;70219;70291;70292;70294;70296,"Baleshwar, Bhadrak, Cuttack, East Midnapore, Hugli, Jagatsinghpur, Jajpur, Kandhamal, Kendrapara, Khordha, Kolkata, Mayurbhanj, Puri, South 24 Parganas, West Midnapore (Adm2)."
2007-0240-IND,2007,240,,Natural,Hydrological,Flood,Riverine flood,,,India,IND,Southern Asia,Asia,"Raipur, Bilaspur, Mahasamund, Durg districts (Chhattisgarh province)",Monsoonal rain,,,,,,,74000.0,Km2,20.05,81.86,,Mahanadi and tributaries,2007,6.0,30.0,2007,7.0,13.0,29.0,,50000.0,,50000.0,,,,,,,80.11339326,2,,17724;70106;70115;70116,"Bilaspur, Durg, Mahasamund, Raipur (Adm2)."
2007-0311-IND,2007,311,,Natural,Hydrological,Flood,Riverine flood,,,India,IND,Southern Asia,Asia,"Udaipur, Amarpur cities (South Tripura district, Tripura province), Sonamura citiy (West Tripura district, Tripura province)",Monsoonal rain,,,,,,,,Km2,23.92,91.23,,,2007,7.0,21.0,2007,8.0,3.0,,,,,,,,,,,,80.11339326,2,,17886;17887,"South Tripura, West Tripura (Adm2)."
2007-0320-IND,2007,320,FL-2007-000096,Natural,Hydrological,Flood,Riverine flood,,,India,IND,Southern Asia,Asia,"Bihar, Uttar Pradesh, Assam, Orissa, West Bengal provinces",Monsoonal rain,,,,,,,483900.0,Km2,22.63,88.49,,"Ganga, Brahmaputra, Meghana rivers",2007,7.0,3.0,2007,9.0,22.0,1103.0,,18700000.0,,18700000.0,,,,,,,80.11339326,1,1487;1504;1511;70073;70081,,"Assam, Bihar, Orissa, Uttar Pradesh, West Bengal (Adm1)."
2007-0469-IND,2007,469,,Natural,Hydrological,Flood,Riverine flood,,,India,IND,Southern Asia,Asia,"Kurnool, Cuddapah, Warangal, Nalgonda, Karimnagar, Mahbubnagar, Anantapur, Nellore, Krishna districts (Andhra Pradesh province), Gadag district (Karnataka province)",Monsoonal rain,,,,,,,90280.0,Km2,15.71,79.88,,"Tungabhadra, Pennar, Hundri, Kundu",2007,9.0,16.0,2007,10.0,7.0,94.0,,20000.0,,20000.0,,,,,,,80.11339326,2,,17548;17550;17554;17556;17557;17558;17560;17561;17568;70163,"Anantapur, Cuddapah, Gadag, Karimnagar, Krishna, Kurnool, Mahbubnagar, Nalgonda, Nellore, Warangal (Adm2)."
2007-0524-IND,2007,524,,Natural,Hydrological,Flood,Riverine flood,,,India,IND,Southern Asia,Asia,"Andhra Pradesh, Tamil Nadu province",Heavy rain,,,,,,,76740.0,Km2,12.73,79.7,,"Mamidikalva and other canals at Naidupet, Pannaiyar, Vellar, Gedilam, Paravanarul, Kollidam, Old Kollidam and the Manimautharu",2007,10.0,27.0,2007,11.0,1.0,29.0,,50000.0,,50000.0,,,,,,,80.11339326,1,1485;1508,,"Andhra Pradesh, Tamil Nadu (Adm1)."
2007-0602-IND,2007,602,,Natural,Hydrological,Flood,Riverine flood,,,India,IND,Southern Asia,Asia,"Assam, Arunachal Pradesh, Meghalaya, Manipur provinces",Monsoonal rain,,,,,,,103600.0,Km2,27.58,95.26,,,2007,7.0,12.0,2007,10.0,10.0,96.0,,11100000.0,,11100000.0,,,,,,,80.11339326,1,1487;1500;1501;70036;70037;70072,,"Arunachal Pradesh, Arunachal Pradesh (Administrative unit not available), Assam, Manipur, Meghalaya (Adm1)."
2007-0674-IND,2007,674,,Natural,Meteorological,Extreme temperature,Cold wave,,,India,IND,Southern Asia,Asia,"Uttar Pradesh, Jammu and Kashmir, Gujarat provinces",,,,,,,,2.0,°C,,,,,2007,12.0,,2008,1.0,,47.0,,,,,,,,,,,80.11339326,1,1491;40408;40409;40422;40423;40424;40425;40426;40427;40428;40429;40430;40431;70081,,"Gujarat, Jammu and Kashmir (Administrative unit not available), Uttar Pradesh (Adm1)."
2007-0207-IND,2007,207,,Natural,Meteorological,Extreme temperature,Heat wave,,,India,IND,Southern Asia,Asia,"Uttar Pradesh, Rajasthan, Punjab, Delhi provinces",,,,,,,,45.0,°C,,,,,2007,4.0,,2007,6.0,,72.0,,,,,,,,,,,80.11339326,1,1489;1505;1506;70081,,"Delhi, Punjab, Rajasthan, Uttar Pradesh (Adm1)."
2008-0246-IND,2008,246,FL-2008-000089,Natural,Hydrological,Flood,Flash flood,,,India,IND,Southern Asia,Asia,"Lakhimpu, Dhemaji, Sonitpur districts (Assam province), West Bengal, Orissa, Bihar, Gujarat, Goa, Haryana, Kerala, Karnataka, Maharastra, Madhya Pradesh, Punjab, Rajasthan, Uttar Pradesh, Tamil Nadu, Arunachal Pradesh, Uttarakhand, Jharkhand provinces",Monsoonal rain,"Slide (land, mud, snow, rock)",,,,,,350600.0,Km2,25.18,91.54,,Kelegai river,2008,6.0,11.0,2008,7.0,21.0,1063.0,,7900000.0,,7900000.0,,,,,123000.0,147856.0,83.18902296,1;2,1490;1491;1492;1494;1495;1498;1504;1505;1506;1508;1511;70036;70037;70072;70073;70078;70079;70081;70082,17593;70087;70091,"Arunachal Pradesh, Arunachal Pradesh (Administrative unit not available), Bihar, Goa, Gujarat, Haryana, Jharkhand, Karnataka, Kerala, Madhya Pradesh, Maharashtra, Orissa, Punjab, Rajasthan, Tamil Nadu, Uttar Pradesh, Uttarakhand, West Bengal (Adm1). Dhemaji, Lakhimpur, Sonitpur (Adm2)."
2008-0486-IND,2008,486,FL-2008-000145,Natural,Hydrological,Flood,Riverine flood,,,India,IND,Southern Asia,Asia,"Muzaffarpur, Supaul, Patna, Katihar, Nalanda, Araria, Pashchim Champaran, Sheikhpura, Saharsa, Purnia, Saran, Begusarai, Bhagalpur, Madhepura, Vaishali, Khagaria districts (Bihar province), Assam province","River Kosi in Nepal discharged huge levels of water, monsoonal rains",Broken Dam/Burst bank,,,,Yes,,80590.0,Km2,22.044,94.55,,Brahmaputra river,2008,8.0,30.0,2008,9.0,8.0,47.0,,2600000.0,,2600000.0,,,,,20000.0,24042.0,83.18902296,1;2,1487,17595;17596;17608;17609;17612;17613;17615;17618;17619;17621;17624;17628;17632;70094;70102;70104,"Assam (Adm1). Araria, Begusarai, Bhagalpur, Katihar, Khagaria, Madhepura, Muzaffarpur, Nalanda, Pashchim Champaran, Patna, Purnia, Saharsa, Saran, Sheikhpura, Supaul, Vaishali (Adm2)."
2008-0560-IND,2008,560,TC-2008-000237,Natural,Hydrological,Flood,Flash flood,,,India,IND,Southern Asia,Asia,"Thiruvallur, Thoothukudi, Villupuram, Ramanathapuram, Tirunelveli Kattabo, Pudukkottai, Kanniyakumari, Nagapattinam, Cuddalore, Chennai districts (Tamil Nadu province), Puducherry, Karaikal districts (Puducherry province)",Tropical cyclone Nisha,,,,,,,,Km2,,,,,2008,11.0,27.0,2008,12.0,4.0,54.0,,803740.0,,803740.0,,,,,,,83.18902296,2,,17866;17870;17876;17878;17884;70226;70228;70242;70243;70247;70251;70255,"Chennai, Cuddalore, Kanniyakumari, Karaikal, Nagapattinam, Puducherry, Pudukkottai, Ramanathapuram, Thiruvallur, Thoothukudi, Tirunelveli Kattabo, Villupuram (Adm2)."
2008-0615-IND,2008,615,,Natural,Hydrological,Flood,Riverine flood,,,India,IND,Southern Asia,Asia,"Lakhimpur, Jorhat districts (Assam province), Uttar Pradesh, Bihar provinces",Monsoonal rain,,,,,,,283800.0,Km2,27.5,89.79,,,2008,7.0,20.0,2008,8.0,8.0,142.0,,225000.0,,225000.0,,,,,,,83.18902296,1;2,70073;70081,70089;70091,"Bihar, Uttar Pradesh (Adm1). Jorhat, Lakhimpur (Adm2)."
2008-0616-IND,2008,616,,Natural,Meteorological,Extreme temperature,Cold wave,,,India,IND,Southern Asia,Asia,"Uttar Pradesh, Bihar, Haryana, Punjab, Himachal Pradesh, Uttarakhand, Jammu and Kashmir provinces",,,,,,,,4.0,°C,,,,,2008,12.0,,2009,1.0,,70.0,,,,,,,,,,,83.18902296,1,1492;1493;1505;40408;40409;40422;40423;40424;40425;40426;40427;40428;40429;40430;40431;70073;70081;70082,,"Bihar, Haryana, Himachal Pradesh, Jammu and Kashmir (Administrative unit not available), Punjab, Uttar Pradesh, Uttarakhand (Adm1)."
2008-9165-IND,2008,9165,,Complex Disasters,Complex Disasters,Complex Disasters,,,,India,IND,Southern Asia,Asia,"Lunglei, Mamit, Lawngtlai, Saiha districts (Mizoram state)",Rodent infestation,Food shortage,,Yes,No,No,,,,,,,,2008,,,2008,,,,,710000.0,,710000.0,,,,,,,83.18902296,,,,
2009-0409-IND,2009,409,FL-2009-000194,Natural,Hydrological,Flood,Riverine flood,,,India,IND,Southern Asia,Asia,"Bihar, Orissa, West Bengal, Assam, Kerala, Gujarat, Karnataka provinces",Monsoon rain,,,,,,,,Km2,,,,,2009,7.0,,2009,9.0,,992.0,,1886000.0,,1886000.0,,,,,220000.0,265402.0,82.89324989,1,1487;1491;1494;1495;1504;1511;70073,,"Assam, Bihar, Gujarat, Karnataka, Kerala, Orissa, West Bengal (Adm1)."
2009-0429-IND,2009,429,FL-2009-000217,Natural,Hydrological,Flood,Riverine flood,,,India,IND,Southern Asia,Asia,"Belgaum, Gulbarga, Bijapur, Raichur, Dharwad, Bagalkot, Bellary, Koppal, Haveri, Bidar, Gadag, Davanegere, Uttar Kannand, Dakshin Kannad districts (Karnataka province), Kurnool, Mahbubnagar, Karimnagar, Anantapur, Krishna, Cuddapah, Guntur, Khammam, Nalgonda districts (Andhra Pradesh province), Maharashtra province",Torrential rains,,,Yes,,,728.0,309700.0,Km2,15.71,78.23,,Tungabhadra and Krishna rivers,2009,9.0,25.0,2009,10.0,12.0,355.0,,4100000.0,,4100000.0,,,51000.0,61525.0,2150000.0,2593697.0,82.89324989,1;2,1498,17548;17550;17552;17554;17555;17556;17557;17558;17560;17679;17680;17681;17682;17685;17686;17687;17693;17696;70157;70162;70163;70164;70165,"Maharashtra (Adm1). Anantapur, Bagalkot, Belgaum, Bellary, Bidar, Bijapur, Cuddapah, Dakshin Kannad, Davanagere, Dharwad, Gadag, Gulbarga, Guntur, Haveri, Karimnagar, Khammam, Koppal, Krishna, Kurnool, Mahbubnagar, Nalgonda, Raichur, Uttar Kannand (Adm2)."
2009-0175-IND,2009,175,,Natural,Meteorological,Extreme temperature,Heat wave,,,India,IND,Southern Asia,Asia,"Orissa, West Bengal, Bihar, Uttar Pradesh, Jharkhand, Andhra Pradesh provinces",,,,,,,,48.0,°C,,,,,2009,4.0,14.0,2009,6.0,26.0,120.0,25.0,,,25.0,,,,,,,82.89324989,1,1485;1504;1511;70073;70078;70081,,"Andhra Pradesh, Bihar, Jharkhand, Orissa, Uttar Pradesh, West Bengal (Adm1)."
2009-0403-IND,2009,403,,Natural,Biological,Epidemic,Viral disease,,Japanese Encephalitis and Acute Encephalitis Syndrome,India,IND,Southern Asia,Asia,Uttar Pradesh,,,,,No,No,,,Vaccinated,,,,,2009,1.0,,2009,10.0,,311.0,,1521.0,,1521.0,,,,,,,82.89324989,,,,
2009-9323-IND,2009,9323,,Natural,Climatological,Drought,Drought,,,India,IND,Southern Asia,Asia,"Bongaigaon, Cachar, Dhuburi, Goalpara, Golaghat, Hailakandi, Jorhat, Kamrup, Karbi Anglong, Kokrajhar, Lakhimpur, Marigaon, Nagaon, Sibsagar, Barpeta, Darrang, Dhemaji, Dibrugarh, Karimganj, Nalbari, North Cachar Hills, Sonitpur, Tinsukia districts (Assam province), Bilaspur, Chamba, Hamirpur, Kangra, Kinnaur, Kullu, Lahaul and Spiti, Mandi, Shimla, Sirmaur, Solan, Una districts (Himachal Pradesh province), Chatra, Garhwa, Latehar, Palamu, Dumka, Deoghar, Giridih, Godda, Jamtara, Pakur, Sahibganj, Bokaro, Dhanbad, Purba Singhbhum, Gumla, Hazaribag, Koderma, Lohardaga, Ranchi, Simdega, Saraikela Kharsawan, Pashchim Singhbhum districts (Jharkhand province), Bishnupur, Chandel, Churachandpur, East Imphal, West Imphal, Senapati, Tamenglong, Thoubal, Ukhrul districts (Manipur province), Dimapur, Kohima, Phek, Mokokchung, Mon, Tuensang, Wokha, Zunheboto districts (Nagaland province), Ambedkar Nagar, Ballia, Bareilly, Basti, Deoria, Farrukkhabad, Fatehpur, Ghazipur, Hardoi, Hathras, Jaunpur, Kannauj, Kanpur Dehat, Mainpuri, Mau, Rae Bareli, Sultanpur, Sant Kabir Nagar, Unnao, Agra, Shahjahanpur, Faizabad, Meerut, Mahoba, Aligarh, Jyotiba Phule Nagar, Balrampur, Etah, Rampur, Ghaziabad, Gautam Buddha Nagar, Banda, Mathura, Allahabad, Auraiya, Jalaun, Varanasi, Chandauli, Moradabad, Azamgarh, Siddharth Nagar, Badaun, Sitapur, Firozabad, Saharanpur, Chitrakoot, Etawah, Bulandshahr, Kaushambi, Pilibhit, Muzaffarnagar, Kushinagar, Jhansi, Lucknow, Bijnor, Mirzapur districts (Uttar Pradesh province), Patna, Nalanda, Gaya, Buxar, Bhojpur, Rohtas, Bhabua, Siwan, Nawada, Munger, Aurangabad, Sheikhpura, Lakhisarai, Jamui, Bhagalpur, Banka, Saran, Jehanabad, Muzaffarpur, Sitamarhi, Begusarai, Madhepura, Kishanganj, Katihar, Vaishali districts (Bihar province), Bangalore Urban, Bangalore Rural, Kolar, Tumkur, Chitradurga, Davanagere, Chamrajnagar, Mysore, Mandya, Bellary, Koppal, Raichur, Gulbarga, Bidar, Belgaum, Bagalkot, Bijapur, Gadag districts (Karnataka province), Nanded, Latur, Aurangabad, Jalna, Bid, Parbhani, Osmanabad, Hingoli, Chandrapur, Yavatmal, Wardha, Thane, Raigarh, Nandurbar, Jalgaon, Amravati, Buldana, Washim, Garhchiroli, Pune, Satara, Sangli, Solapur, Kolhapur, Nashik, Dhule, Ahmednagar, Akola districts (Maharasthra province), Rewa, Satna, Sidhi, Shahdol, Anuppur, Umaria, Dindori, Jabalpur, Katni, Balaghat, Narsinghpur, Mandla, Sagar, Panna, Tikamgarh, Chhatarpur, Raisen, Vidisha, Damoh, Sehore, Gwalior, Guna, Ashoknagar, Shivpuri, Datia, Bhind, Morena, Sheopur, Shajapur, Dewas, Ratlam, East Nimar, Burhanpur, Barwani, Jhabua districts (Madhya Pradesh province), Ajmer, Alwar, Banswara, Barmer, Bhilwara, Bikaner, Bundi, Chittaurgarh, Churu, Dausa, Dungarpur, Ganganagar, Hanumangarh, Jaipur, Jaisalmer, Jalor, Jhunjhunu, Jodhpur, Nagaur, Pali, Rajsamand, Sawai Madhopur, Sikar, Sirohi, Tonk, Udaipur districts (Rajasthan province)",,,,,,Yes,,,Km2,,,,,2009,7.0,,2009,8.0,,,,,,,,,,,,,82.89324989,2,,17576;17577;17578;17579;17580;17581;17582;17583;17584;17585;17589;17590;17591;17592;17593;17594;17595;17596;17600;17601;17603;17607;17608;17610;17612;17613;17614;17615;17616;17619;17622;17623;17628;17630;17631;17632;17666;17667;17668;17669;17670;17671;17672;17673;17674;17675;17676;17677;17679;17680;17681;17682;17687;17690;17691;17692;17693;17695;17712;17715;17718;17720;17721;17722;17725;17726;17727;17730;17731;17732;17734;17735;17736;17739;17742;17743;17744;17745;17746;17748;17749;17750;17751;17753;17755;17758;17759;17762;17763;17764;17765;17767;17769;17770;17772;17773;17774;17776;17777;17780;17781;17782;17783;17784;17785;17786;17801;17802;17803;17804;17805;17806;17807;17834;17835;17836;17837;17839;17840;17841;17842;17843;17845;17846;17847;17848;17849;17851;17852;17854;17855;17856;17857;17858;17859;17860;17888;17889;17890;17892;17894;17895;17897;17898;17899;17901;17904;17905;17906;17907;17908;17909;17911;17912;17916;17917;17918;17919;17923;17924;17925;17926;17927;17928;17929;17931;17934;17935;17936;17937;17938;17939;17941;17943;70086;70087;70088;70089;70090;70091;70092;70093;70095;70096;70097;70098;70099;70100;70101;70102;70139;70140;70141;70142;70143;70144;70145;70146;70147;70148;70149;70150;70151;70152;70153;70154;70155;70156;70157;70158;70159;70160;70161;70162;70163;70165;70168;70169;70170;70171;70172;70174;70176;70177;70178;70179;70181;70182;70185;70186;70187;70188;70189;70190;70191;70192;70193;70194;70195;70196;70205;70237;70238;70240;70257;70258;70259;70261;70262;70263;70264;70265;70266;70267;70268;70269;70270;70271;70273;70274;70275;70278,"Agra, Ahmednagar, Ajmer, Akola, Aligarh, Allahabad, Alwar, Ambedkar Nagar, Amravati, Anuppur, Ashoknagar, Auraiya, Aurangabad, Azamgarh, Badaun, Bagalkot, Balaghat, Ballia, Balrampur, Banda, Bangalore Rural, Bangalore Urban, Banka, Banswara, Bareilly, Barmer, Barpeta, Barwani, Basti, Begusarai, Belgaum, Bellary, Bhabua, Bhagalpur, Bhilwara, Bhind, Bhojpur, Bid, Bidar, Bijapur, Bijnor, Bikaner, Bilaspur, Bishnupur, Bokaro, Bongaigaon, Bulandshahr, Buldana, Bundi, Burhanpur, Buxar, Cachar, Chamba, Chamrajnagar, Chandauli, Chandel, Chandrapur, Chatra, Chhatarpur, Chitradurga, Chitrakoot, Chittaurgarh, Churachandpur, Churu, Damoh, Darrang, Datia, Dausa, Davanagere, Deoghar, Deoria, Dewas, Dhanbad, Dhemaji, Dhuburi, Dhule, Dibrugarh, Dimapur, Dindori, Dumka, Dungarpur, East Imphal, East Nimar, Etah, Etawah, Faizabad, Farrukhabad, Fatehpur, Firozabad, Gadag, Ganganagar, Garhchiroli, Garhwa, Gautam Buddha Nagar, Gaya, Ghaziabad, Ghazipur, Giridih, Goalpara, Godda, Golaghat, Gulbarga, Gumla, Guna, Gwalior, Hailakandi, Hamirpur, Hanumangarh, Hardoi, Hathras, Hazaribag, Hingoli, Jabalpur, Jaipur, Jaisalmer, Jalaun, Jalgaon, Jalna, Jalor, Jamtara, Jamui, Jaunpur, Jehanabad, Jhabua, Jhansi, Jhunjhunun, Jodhpur, Jorhat, Jyotiba Phule Nagar, Kamrup, Kangra, Kannauj, Kanpur Dehat, Karbi Anglong, Karimganj, Katihar, Katni, Kaushambi, Kinnaur, Kishanganj, Koderma, Kohima, Kokrajhar, Kolar, Kolhapur, Koppal, Kullu, Kushinagar, Lahul and Spiti, Lakhimpur, Lakhisarai, Latehar, Latur, Lohardaga, Lucknow, Madhepura, Mahoba, Mainpuri, Mandi, Mandla, Mandya, Marigaon, Mathura, Mau, Meerut, Mirzapur, Mokokchung, Mon, Moradabad, Morena, Munger, Muzaffarnagar, Muzaffarpur, Mysore, Nagaon, Nagaur, Nalanda, Nalbari, Nanded, Nandurbar, Narsinghpur, Nashik, Nawada, North Cachar Hills, Osmanabad, Pakur, Palamu, Pali, Panna, Parbhani, Pashchim Singhbhum, Patna, Phek, Pilibhit, Pune, Purba Singhbhum, Rae Bareli, Raichur, Raigarh, Raisen, Rajsamand, Rampur, Ranchi, Ratlam, Rewa, Rohtas, Sagar, Saharanpur, Sahibganj, Sangli, Sant Kabir Nagar, Saraikela Kharsawan, Saran, Satara, Satna, Sawai Madhopur, Sehore, Senapati, Shahdol, Shahjahanpur, Shajapur, Sheikhpura, Sheopur, Shimla, Shivpuri, Sibsagar, Siddharth Nagar, Sidhi, Sikar, Simdega, Sirmaur, Sirohi, Sitamarhi, Sitapur, Siwan, Solan, Solapur, Sonitpur, Sultanpur, Tamenglong, Thane, Thoubal, Tikamgarh, Tinsukia, Tonk, Tuensang, Tumkur, Udaipur, Ukhrul, Umaria, Una, Unnao, Vaishali, Varanasi, Vidisha, Wardha, Washim, West Imphal, Wokha, Yavatmal, Zunheboto (Adm2)."
2010-0693-IND,2010,693,,Natural,Meteorological,Storm,Tropical cyclone,,Cyclone Jal,India,IND,Southern Asia,Asia,Andhra Pradesh province,,Flood,,,,,,100.0,Kph,,,,,2010,10.0,31.0,2010,11.0,3.0,22.0,,,,,,,,,,,84.25273272,1,1485,,Andhra Pradesh (Adm1).
2010-0629-IND,2010,629,,Natural,Hydrological,Flood,Riverine flood,,,India,IND,Southern Asia,Asia,"Chennai, Cuddalore, Nagapattinam, Pudukottai, Ramanthapuram, Thanjavur, Thiruvallur, Villupuram, Thoothukudi, Tirunelveli Kattabo districts (Tamil Nadu province)",Monsoonal rain,,,,,,,57474.0,Km2,9.88,78.47,,,2010,11.0,15.0,2010,12.0,7.0,203.0,,,,,,,,,22000.0,26112.0,84.25273272,2,,17866;17876;17878;17881;17884;70242;70243;70247;70251;70255,"Chennai, Cuddalore, Nagapattinam, Pudukkottai, Ramanathapuram, Thanjavur, Thiruvallur, Thoothukudi, Tirunelveli Kattabo, Villupuram (Adm2)."
2010-0206-IND,2010,206,,Natural,Meteorological,Extreme temperature,Heat wave,,,India,IND,Southern Asia,Asia,"Delhi, Haryana, Madhya Pradesh, Orissa, Rajasthan, Uttar Pradesh provinces",,,,,,,,49.0,°C,,,,,2010,3.0,,2010,5.0,,250.0,,,,,,,,,,,84.25273272,1,1489;1492;1504;1506;70079;70081,,"Delhi, Haryana, Madhya Pradesh, Orissa, Rajasthan, Uttar Pradesh (Adm1)."
2011-0327-IND,2011,327,,Natural,Hydrological,Flood,Riverine flood,,,India,IND,Southern Asia,Asia,West Bengal province,Mosnoonal rains,,,,,,,28684.0,Km2,22.306,88.34,,,2011,8.0,10.0,2011,9.0,13.0,47.0,,700000.0,,700000.0,,,,,275000.0,316410.0,86.91246502,1,1511,,West Bengal (Adm1).
2011-0371-IND,2011,371,FL-2011-000138,Natural,Hydrological,Flood,Riverine flood,,,India,IND,Southern Asia,Asia,"Angul, Baleshwar, Baragarh, Bhadrak, Boudh, Cuttack, Deogarh, Dhenkanal, Jajpur, Jagatsinghpur, Jharsuguda, Kendrapara, Khordha, Mayurbhanj, Nayagarh, Nuapada, Puri, Sambalpur districts (Orissa province)",Monsoonal rains,,,Yes,,,,27751.0,Km2,20.651,86.0,,,2011,9.0,23.0,2011,10.0,23.0,239.0,,3443989.0,,3443989.0,,,,,930000.0,1070042.0,86.91246502,2,,17809;17810;17816;17818;17819;70206;70207;70208;70209;70211;70212;70214;70215;70216;70218;70219;70222;70223,"Angul, Baleshwar, Baragarh, Bhadrak, Boudh, Cuttack, Deogarh, Dhenkanal, Jagatsinghpur, Jajpur, Jharsuguda, Kendrapara, Khordha, Mayurbhanj, Nayagarh, Nuapada, Puri, Sambalpur (Adm2)."
2011-0422-IND,2011,422,,Natural,Hydrological,Flood,Riverine flood,,,India,IND,Southern Asia,Asia,"Dhemaji district (Assam province), East Garo Hills, South Garo Hills, West Garo Hills districts (Meghalaya province)",Monsoonal rain,,,,,,,50117.0,Km2,26.59,92.18,,,2011,8.0,15.0,2011,9.0,8.0,7.0,,11000.0,,11000.0,,,,,,,86.91246502,2,,17793;17796;70087;70198,"Dhemaji, East Garo Hills, South Garo Hills, West Garo Hills (Adm2)."
2011-0424-IND,2011,424,,Natural,Hydrological,Flood,Riverine flood,,,India,IND,Southern Asia,Asia,"Barpeta, Bongaigaon, Darrang, Dhemaji, Dhuburi, Golaghat, Jorhat, Karbi Anglong, Sibsagar, Lakhimpur, Nagaon, Sonitpur districts, (Assam province), Begusarai, Bhagalpur, Bhojpur, Buxar, Gopalganj, Katihar, Khagaria, Kishanganj, Lakhisarai, Madhubani, Madhepura, Muzaffarpur, Patna, Purnia, Samastipur, Saran, Saharsa, Sitamarhi, Supaul, Vaishali, Pashchim Champaran districts (Bihar province), Azamgarh, Aligarh, Ambedkar Nagar, Badaun, Ballia, Bara Banki, Bahraich, Bareilly, Bijnor, Faizabad, Farrukhabad, Ghazipur, Gonda, Gorakhpur, Hardoi, Jyotiba Phule Nagar, Kannauj, Kanpur, Kushinagar, Lakhimpur Kheri, Meerut, Muzaffarnagar, Moradabad, Pilibhit, Rampur, Shahjahanpur, Sitapur, Unnao districts (Uttar Pradesh province)",Monsoonal rain,,,,,,,40941.0,Km2,26.376,86.24,,"Bagmati, Burgi, Dhansiri, Gandak, Ganges, Ghanghra, Kosi, Pupun rivers",2011,8.0,15.0,2011,10.0,2.0,204.0,,5549080.0,,5549080.0,,,,,,,86.91246502,2,,17576;17578;17579;17582;17584;17589;17592;17593;17595;17596;17604;17608;17609;17611;17612;17613;17618;17619;17621;17624;17626;17628;17630;17632;17889;17892;17893;17894;17896;17920;17921;17926;17928;17929;17931;17935;17937;17938;17941;70086;70087;70089;70091;70097;70098;70100;70101;70104;70257;70259;70267;70268;70271,"Aligarh, Ambedkar Nagar, Azamgarh, Badaun, Bahraich, Ballia, Bara Banki, Barpeta, Begusarai, Bhagalpur, Bhojpur, Bongaigaon, Buxar, Darrang, Dhemaji, Dhuburi, Golaghat, Gopalganj, Jorhat, Jyotiba Phule Nagar, Kannauj, Kanpur, Karbi Anglong, Katihar, Khagaria, Kishanganj, Kushinagar, Lakhimpur, Lakhimpur Kheri, Lakhisarai, Madhepura, Madhubani, Meerut, Moradabad, Muzaffarnagar, Muzaffarpur, Nagaon, Pashchim Champaran, Patna, Pilibhit, Purnia, Rampur, Saharsa, Samastipur, Saran, Shahjahanpur, Sibsagar, Sitamarhi, Sitapur, Sonitpur, Supaul, Unnao, Vaishali (Adm2)."
2011-0428-IND,2011,428,,Natural,Hydrological,Flood,Riverine flood,,,India,IND,Southern Asia,Asia,"Gonda, Balrampur, Faizabad, Bara Banki districts (Uttar Pradesh province), Rajasthan province","Monsoonal rains, dam releases",,,,,,,85509.0,Km2,28.524,80.93,,,2011,7.0,23.0,2011,8.0,9.0,19.0,,200000.0,,200000.0,,,,,,,86.91246502,1;2,1506,17896;17907;17913;70261,"Rajasthan (Adm1). Balrampur, Bara Banki, Faizabad, Gonda (Adm2)."
2011-0647-IND,2011,647,,Natural,Hydrological,Flood,Riverine flood,,,India,IND,Southern Asia,Asia,"Uttar Pradesh, Uttarakhand province",Heavy monsoonal rains,,,,,,,,Km2,,,,,2011,6.0,15.0,2011,7.0,16.0,50.0,,,,,,,,,20000.0,23012.0,86.91246502,1,70081;70082,,"Uttar Pradesh, Uttarakhand (Adm1)."
2012-0179-IND,2012,179,FL-2012-000110,Natural,Hydrological,Flood,Riverine flood,,,India,IND,Southern Asia,Asia,"Anjaw (70044), Lohit, Changlang, 70045, 70050, Lower Dibang Valley, East Siang, Upper Siang (70051) districts (Arunachal Pradesh province), Assam province",Monsoonal rain,"Slide (land, mud, snow, rock)",,,,,2700.0,254935.0,Km2,26.5659,92.44,,Brahmaputra,2012,6.0,26.0,2012,7.0,13.0,120.0,,2200000.0,,2200000.0,,,,,,,88.71096898,1;2,1487,17571;17572;70044;70045;70050;70051;70083;70084,"Assam (Adm1). Administrative unit not available, Changlang, East Siang, Lohit, Lower Dibang Valley (Adm2)."
2012-0538-IND,2012,538,,Natural,Meteorological,Extreme temperature,Cold wave,,,India,IND,Southern Asia,Asia,"Bihar, Haryana, Himachal Pradesh, Jammu and Kashmir, Punjab, Rajasthan, Uttar Pradesh provinces",,,,,,,,,°C,,,,,2012,12.0,22.0,2013,1.0,20.0,249.0,,,,,,,,,,,88.71096898,1,1492;1493;1505;1506;40408;40409;40422;40423;40424;40425;40426;40427;40428;40429;40430;40431;70073;70081,,"Bihar, Haryana, Himachal Pradesh, Jammu and Kashmir (Administrative unit not available), Punjab, Rajasthan, Uttar Pradesh (Adm1)."
2013-0208-IND,2013,208,,Natural,Meteorological,Extreme temperature,Heat wave,,,India,IND,Southern Asia,Asia,"Adilabad, East Godavari, Guntur, Karimnagar, Khammam, Krishna, Nalgonda, Nizamabad, Prakasam, Vishakhapatnam, Warangal, West Godavari districts (Andhra Pradesh province)",,,,,,,,46.0,°C,,,,,2013,4.0,1.0,2013,5.0,30.0,557.0,,,,,,,,,,,90.01044002,2,,17547;17551;17552;17554;17555;17556;17560;17562;17563;17566;17568;17569,"Adilabad, East Godavari, Guntur, Karimnagar, Khammam, Krishna, Nalgonda, Nizamabad, Prakasam, Vishakhapatnam, Warangal, West Godavari (Adm2)."
2013-0282-IND,2013,282,,Natural,Hydrological,Flood,,,,India,IND,Southern Asia,Asia,"Dhemaji, Tinsukia, Nagaon, Golaghat, Jorhat, Kamrup, Karimganj, Lakhimpur, Morigaon, Sibsaga, Bongaigaon, Kokrajhar districts (Assam province)",Monsoonal rain,,,,,,,38019.0,Km2,27.387,94.92,,,2013,6.0,23.0,2013,7.0,15.0,80.0,,2000000.0,,2000000.0,,,,,,,90.01044002,2,,17582;17583;17585;17589;17592;70086;70087;70089;70090;70091;70092;70093,"Bongaigaon, Dhemaji, Golaghat, Jorhat, Kamrup, Karimganj, Kokrajhar, Lakhimpur, Marigaon, Nagaon, Sibsagar, Tinsukia (Adm2)."
2014-0408-IND,2014,408,,Natural,Hydrological,Flood,Riverine flood,,,India,IND,Southern Asia,Asia,"Shravasti, Balrampur, Sitapur, Lakhimpur Kheri, Gonda, Bara Banki, Faizabad, Azamgarh districts (Uttar Pradesh province), Uttarakhand, Bihar, Assam provinces","Heavy rains, overflowing rivers after dam opening in Nepal","Slide (land, mud, snow, rock)",Transport accident,,,,,,Km2,,,,"Ghagra, Rapti, Saryu rivers",2014,8.0,16.0,2014,9.0,1.0,94.0,,500000.0,,500000.0,,,,,,,91.47061409,1;2,1487;70073;70082,17892;17896;17907;17913;17921;17938;70261;70277,"Assam, Bihar, Uttarakhand (Adm1). Azamgarh, Balrampur, Bara Banki, Faizabad, Gonda, Lakhimpur Kheri, Shravasti, Sitapur (Adm2)."
2014-0391-IND,2014,391,,Natural,Hydrological,Flood,Riverine flood,,,India,IND,Southern Asia,Asia,"Tura village (West Garo Hills district, Meghalaya province), Goalpara, Kamrup districts (Assam province)",Torrential monsoonal rains; Typhoon Kalmaegi,"Slide (land, mud, snow, rock)",,,,,,61895.0,Km2,,,,,2014,9.0,24.0,2014,10.0,11.0,95.0,,,650000.0,650000.0,,,,,163000.0,178199.0,91.47061409,2,,17581;17583;17796,"Goalpara, Kamrup, West Garo Hills (Adm2)."
2015-0317-IND,2015,317,,Natural,Hydrological,Flood,Riverine flood,,,India,IND,Southern Asia,Asia,"Kachchh, Patan, Banas Kantha districts (Gujarat province), Malda, Jalpaiguri districts (West Bengal province), Jorhat, Dhemaji, Lakhimpur, Dhuburi, Darrang, Goalpara, Karbi Anglong, Marigaon districts (Assam province), Manipur, Orissa, Rajasthan, Madhya Pradesh provinces","Monsoon rains, exacerbated by tail end of Cyclone Komen","Slide (land, mud, snow, rock)",,,,,,629962.0,Km2,26.2074,82.62,,,2015,7.0,15.0,2015,8.0,19.0,293.0,,13709887.0,,13709887.0,,,,,,,91.57911703,1;2,1500;1504;1506;70079,17578;17579;17581;17584;17637;17643;17951;17953;70087;70089;70091;70092;70129,"Madhya Pradesh, Manipur, Orissa, Rajasthan (Adm1). Banas Kantha, Darrang, Dhemaji, Dhuburi, Goalpara, Jalpaiguri, Jorhat, Kachchh, Karbi Anglong, Lakhimpur, Maldah, Marigaon, Patan (Adm2)."
2015-9618-IND,2015,9618,,Natural,Climatological,Drought,Drought,,,India,IND,Southern Asia,Asia,"Tamil Nadu, Rajasthan, Jharkhand, Assam, Andhra Pradesh, Himachal Pradesh, Nagaland; Maharashtra, Bihar, Madhya Pradesh, Chhattisgarh, Telangana, Jharkand, Odisha states",Erratic rainfall,,,,,,,,Km2,,,,,2015,1.0,,2016,12.0,,,,330000000.0,,330000000.0,,,400000.0,436781.0,3000000.0,3275856.0,91.57911703,1,1485;1487;1493;1498;1503;1506;1508;70073;70075;70078;70079,,"Andhra Pradesh, Assam, Bihar, Chhattisgarh, Himachal Pradesh, Jharkhand, Madhya Pradesh, Maharashtra, Nagaland, Rajasthan, Tamil Nadu (Adm1)."
2015-0504-IND,2015,504,TC-2015-000163,Natural,Hydrological,Flood,,,,India,IND,Southern Asia,Asia,"Chittoor, Cuddapah, Prakasam, Nellore districts (Andhra Pradesh province), Chennai, Cuddalore, Nagapattinam, Kancheepuram, Thiruvallur, Villupuram districts (Tamil Nadu province), Puducherry province",Tropical depression 'Rovan',,,,,Yes,,93202.0,Km2,118.278,788.55,,,2015,11.0,8.0,2015,12.0,4.0,325.0,1000.0,1800000.0,,1801000.0,,,755000.0,824424.0,2200000.0,2402294.0,91.57911703,1;2,70080,17549;17550;17561;17563;70242;70243;70244;70247;70251;70255,"Puducherry (Adm1). Chennai, Chittoor, Cuddalore, Cuddapah, Kancheepuram, Nagapattinam, Nellore, Prakasam, Thiruvallur, Villupuram (Adm2)."
2016-0133-IND,2016,133,,Natural,Meteorological,Extreme temperature,Heat wave,,,India,IND,Southern Asia,Asia,"Andhra Pradesh, Rajasthan, Orissa, Bihar, Jharkhand, Tamil Nadu, Uttar Pradesh provinces",,,,,,,,51.0,°C,,,,,2016,4.0,1.0,2016,5.0,20.0,300.0,,,,,,,,,,,92.73447917,1,1485;1504;1506;1508;70073;70078;70081,,"Andhra Pradesh, Bihar, Jharkhand, Orissa, Rajasthan, Tamil Nadu, Uttar Pradesh (Adm1)."
2016-0187-IND,2016,187,,Natural,Climatological,Wildfire,Forest fire,,,India,IND,Southern Asia,Asia,"Uttarakhand province (including Almora, Pauri Garhwal, Chamoli districts)",Combination of well above normal tempertaure and lack of rainfall,,,,,,,,Km2,,,,,2016,2.0,1.0,2016,5.0,2.0,7.0,,,,,,,,,,,92.73447917,1,70082,,Uttarakhand (Adm1).
2016-0239-IND,2016,239,,Natural,Hydrological,Flood,Flash flood,,,India,IND,Southern Asia,Asia,"Chamoli, Pithoragahr districts (Uttarakhand province), Assam, Arunachal Pradesh provinces",Torrential rains,,,,,,,135742.0,Km2,27.068,93.95,,Alaknanda and Mandakini rivers,2016,6.0,25.0,2016,7.0,1.0,61.0,,,,,,,,,100000.0,107835.0,92.73447917,1;2,1487;70072,17932;70282,"Arunachal Pradesh, Assam (Adm1). Chamoli, Pithoragarh (Adm2)."
2016-0271-IND,2016,271,,Natural,Hydrological,Flood,,,,India,IND,Southern Asia,Asia,"Biha, Uttar Pradeshr province (Varanasi, Allahabad, Ghazipur, Ballia, Banda, Jalaun, Ghaziabad, Patna, Bhagalpur, Vaishali, Buxar, Bhojpur, Sonepur, Saran, Begusarai, Samastipur, Lakhisarai, Khagaria, Munger, Nalanda, Katihar, Purnea, Katihar, Supual, Kisanganj, Madhepura, Gopalganj, Saharsa, Araria, East Champaran, Muzafferpur, Kishanganj, Purnea, Araria, Supaul, Bhagalpur, Darbhanga)",Monsoonal rains,,,,,,,,Km2,,,,,2016,7.0,15.0,2016,9.0,12.0,254.0,,1600000.0,,1600000.0,,,,,350000.0,377422.0,92.73447917,1,70073;70081,,"Bihar, Uttar Pradesh (Adm1)."
2016-0276-IND,2016,276,,Natural,Hydrological,Flood,,,,India,IND,Southern Asia,Asia,"Bhopal, Hoshangabad, Rewa, Sagar, Shajapur, Jabalpur, Satna, Harda, Panna, Vidisha, Raisen, Mandla, Tikamgarh, Seoni, Damoh, Sehore, Agar-Malwa districts (Madhya Pradesh province)",Monsoonal rains,,,,,,,,Km2,,,,,2016,7.0,9.0,2016,8.0,22.0,184.0,,100000.0,,100000.0,,,,,160000.0,172536.0,92.73447917,2,,17716;17720;17728;17730;17732;17736;17739;17743;17744;17745;17746;17747;17749;17753;17755;70173,"Bhopal, Damoh, Harda, Hoshangabad, Jabalpur, Mandla, Panna, Raisen, Rewa, Sagar, Satna, Sehore, Seoni, Shajapur, Tikamgarh, Vidisha (Adm2)."
2017-0495-IND,2017,495,,Natural,Hydrological,Flood,Flash flood,,,India,IND,Southern Asia,Asia,Chenai (Tamil Nadu),Heavy rains,,,,,,,50536.0,Km2,10.489,79.004,,,2017,10.0,30.0,2017,11.0,8.0,21.0,,4000.0,,4000.0,,,,,,,94.70984073,2,,70242,Chennai (Adm2).
2017-0289-IND,2017,289,FL-2017-000064,Natural,Hydrological,Flood,Riverine flood,,,India,IND,Southern Asia,Asia,"Lakhimpur, Bangaigaon, Jorhat, Golaghat, Cachar, Dhemjai, Biswanath, Karimganj, Barpeta, Karbi Anglong, Sonitpur, Darrang, Hojai (Sub Division), Bhuragaon (Sub Division), Majuli, Nagaon, Nalbari, Sivasagar, Morigaon, Chirang, Dibrugarh, Dhubri, Kokrajhar, South Salmara, Charaideo, Goalpara districts (Assam)",Monsoon rainfall,,,,,,,,Km2,,,,Brahmaputra and Barak,2017,6.0,25.0,2017,7.0,24.0,75.0,,1735000.0,,1735000.0,,,,,,,94.70984073,2,,17576;17577;17578;17579;17580;17581;17582;17584;17585;17589;17590;17592;17593;70086;70087;70089;70090;70091;70092,"Barpeta, Bongaigaon, Cachar, Darrang, Dhemaji, Dhuburi, Dibrugarh, Goalpara, Golaghat, Jorhat, Karbi Anglong, Karimganj, Kokrajhar, Lakhimpur, Marigaon, Nagaon, Nalbari, Sibsagar, Sonitpur (Adm2)."
2017-0144-IND,2017,144,,Natural,Meteorological,Extreme temperature,Heat wave,,,India,IND,Southern Asia,Asia,"Andhra Pradesh, Telangana, Maharashtra, Odisha (Orissa)",,,,,,,,48.0,°C,,,,,2017,4.0,12.0,2017,6.0,15.0,264.0,,,,,,,,,,,94.70984073,1,1485;1498;1504,,"Andhra Pradesh, Maharashtra, Orissa (Adm1)."
2017-0294-IND,2017,294,,Natural,Hydrological,Flood,,,,India,IND,Southern Asia,Asia,"Banaskantha, Valsad, Navsari, Surat, Sabarkantha, Patan (Gujarat), Barmer, Jalore, Udaipur, Sirohi, Pali (Rajasthan), Kolkata (West Bengal)",Monsoon,,,,,,78000000.0,,Km2,,,,Banas river,2017,6.0,,2017,8.0,,284.0,,520000.0,,520000.0,,,,,250000.0,263964.0,94.70984073,2,,17637;17648;17649;17653;17837;17849;17855;17858;17860;70127;70129;70292,"Banas Kantha, Barmer, Jalor, Kolkata, Navsari, Pali, Patan, Sabar Kantha, Sirohi, Surat, Udaipur, Valsad (Adm2)."
2018-0049-IND,2018,49,,Natural,Meteorological,Extreme temperature,Cold wave,,,India,IND,Southern Asia,Asia,New Delhi,,Fog,,,,,,4.0,°C,,,,,2018,1.0,1.0,2018,2.0,7.0,44.0,,,,,,,,,,,97.02312922,2,,17633,Delhi (Adm2).
2018-9372-IND,2018,9372,,Natural,Climatological,Drought,Drought,,,India,IND,Southern Asia,Asia,"Karnataka, Maharashtra states",Por rainfall,,,,,,,,Km2,,,,,2018,9.0,,2019,6.0,,,,8200000.0,,8200000.0,,,,,1100000.0,1133750.0,97.02312922,1,1494;1498,,"Karnataka, Maharashtra (Adm1)."
2018-0205-IND,2018,205,,Natural,Hydrological,Flood,,,,India,IND,Southern Asia,Asia,"Assam, Maharashtra, Gujarat",Monsoonal rain,,,,,,,,Km2,,,,,2018,6.0,22.0,2018,7.0,3.0,52.0,,,,,,,,,,,97.02312922,1,1487;1491;1498,,"Assam, Gujarat, Maharashtra (Adm1)."
2018-0370-IND,2018,370,,Natural,Hydrological,Flood,,,,India,IND,Southern Asia,Asia,Uttar Pradesh,,,,,,,,,Km2,,,,,2018,9.0,1.0,2018,10.0,6.0,46.0,,,3050.0,3050.0,,,,,,,97.02312922,1,70081,,Uttar Pradesh (Adm1).
2019-0331-IND,2019,331,,Natural,Hydrological,Flood,,,,India,IND,Southern Asia,Asia,"Sitamarhi, Sheohar, East Champaran, Muzaffarpur, Madhubani, Darbhanga, Supaul, Araria, Sahersa , Katihar, Purnia, Kishanganj districts (Bihar); Dhemaji, Lakhimpur, Biswanath, Barpeta, Chirang, Golaghat Jorhat, Sonitpur, Darrang, Nalbari, Bongaigaon, Morigaon, Nagaon, Majuli, Baksa, Kokrajhar, Dhubri, South Salmara, Goalpara, Kamrup, Hojai, Sivsagar, Tinsukia, Cachar, KarbiAnglrng, West Karbi-Anglong, Hailakandi, Dibrugarh districts (Assam); Maharashtra, Kerala, Rajasthan, West Bengal, Karnataka, Uttarakand, Himachal Pradesh, Punjab, Uttar Pradesh, Odisha",Monsoon rain,"Slide (land, mud, snow, rock)",,,,,,,Km2,,,,,2019,7.0,14.0,2019,9.0,30.0,1900.0,,3000000.0,,3000000.0,,,200000.0,202467.0,10000000.0,10123358.0,98.78144827,1;2,1493;1494;1495;1498;1504;1505;1506;1511;70081;70082,17576;17577;17578;17579;17580;17581;17582;17583;17584;17589;17590;17592;17593;17598;17608;17611;17613;17620;17621;17624;17630;70086;70087;70088;70089;70090;70091;70092;70093;70094;70100;70103;70104,"Himachal Pradesh, Karnataka, Kerala, Maharashtra, Orissa, Punjab, Rajasthan, Uttar Pradesh, Uttarakhand, West Bengal (Adm1). Araria, Barpeta, Bongaigaon, Cachar, Darbhanga, Darrang, Dhemaji, Dhuburi, Dibrugarh, Goalpara, Golaghat, Hailakandi, Jorhat, Kamrup, Karbi Anglong, Katihar, Kishanganj, Kokrajhar, Lakhimpur, Madhubani, Marigaon, Muzaffarpur, Nagaon, Nalbari, Purba Champaran, Purnia, Saharsa, Sheohar, Sibsagar, Sitamarhi, Sonitpur, Supaul, Tinsukia (Adm2)."
2019-0288-IND,2019,288,,Natural,Hydrological,Flood,,,,India,IND,Southern Asia,Asia,"Mumbai, Pune, Ratnagiri Districts (Maharashtra State)",Monsoon,Broken Dam/Burst bank,,,,,,,Km2,,,,,2019,6.0,28.0,2019,7.0,4.0,52.0,60.0,,,60.0,,,,,,,98.78144827,2,,17776;17778;70184,"Mumbai city, Pune, Ratnagiri (Adm2)."
2019-0218-IND,2019,218,,Natural,Biological,Epidemic,Viral disease,,Acute Encephalitis Syndrome (AES),India,IND,Southern Asia,Asia,"Muzaffarpur, Vaishali, Sheohar, East Champaran districts (Bihar)",,,,,,,,,Vaccinated,,,,,2019,1.0,1.0,2019,6.0,17.0,121.0,418.0,,,418.0,,,,,,,98.78144827,,,,
2019-0574-IND,2019,574,,Natural,Hydrological,Flood,,,,India,IND,Southern Asia,Asia,"Coimbatore, Cuddalore, Nagapattinam, Thoothukkudi Districts (Tamil Nadu); Pudducherry",Heavy rains,,,,,,,,Km2,,,,,2019,11.0,29.0,2019,12.0,4.0,27.0,,25000.0,,25000.0,,,,,,,98.78144827,1;2,70080,17866;17867;70243;70247,"Puducherry (Adm1). Coimbatore, Cuddalore, Nagapattinam, Thoothukudi (Adm2)."
2020-0304-IND,2020,304,,Natural,Hydrological,Flood,,,,India,IND,Southern Asia,Asia,"Assam, Bihar, Gujarat, Chhattisgarh, Kerala, Karnataka, Madhya Pradesh, Odisha, Uttar Pradesh, West Bengal, Arunachal Pradesh, Maharashtraa.",Monsoon rain,"Slide (land, mud, snow, rock)",,,,,,,Km2,,,,,2020,6.0,,2020,8.0,16.0,1922.0,,1300000.0,,1300000.0,,,800000.0,800000.0,7500000.0,7500000.0,100.0,1,1487;1491;1494;1495;1498;1504;1511;70072;70073;70075;70079;70081,,"Arunachal Pradesh, Assam, Bihar, Chhattisgarh, Gujarat, Karnataka, Kerala, Madhya Pradesh, Maharashtra, Orissa, Uttar Pradesh, West Bengal (Adm1)."
2020-0220-IND,2020,220,,Natural,Hydrological,Landslide,Landslide,,,India,IND,Southern Asia,Asia,"Barak Valley Region (southern Assam State, north-east India); Hailakandi ; Cachar; Karimganj Districts",Heavy ran,,,,,,,,,,,,,2020,5.0,27.0,2020,6.0,2.0,21.0,,155850.0,,155850.0,,,,,,,100.0,2,,17577;17585;70088,"Cachar, Hailakandi, Karimganj (Adm2)."
